id,title,slug,description
1,Vand og vandrensning,vand-og-vandrensning,Alt til opsamling filtrering og rensning af drikkevand
2,Mad og langtidsopbevaring,mad-og-langtidsopbevaring,Frysetørret mad konserves og løsninger til sikker opbevaring
3,Energi og belysning,energi-og-belysning,Powerbanks solpaneler generatorer og lys til nødsituationer
4,Førstehjælp og sundhed,forstehjaelp-og-sundhed,Kit medicin og udstyr til behandling af skader og sygdom
5,Kommunikation og navigation,kommunikation-og-navigation,Radioer nødsendere kort og kompasser til at holde kontakt og finde vej